{"cameraMode":{"drawMode":0,"name":"Shaded","section":"Shading Mode"},"sceneLighting":true,"audioPlay":false,"sceneViewState":{"m_AlwaysRefresh":false,"showFog":true,"showSkybox":true,"showFlares":true,"showImageEffects":true,"showParticleSystems":true,"showVisualEffectGraphs":true,"m_FxEnabled":true},"in2DMode":false,"pivot":{"x":-257.0986022949219,"y":26.892667770385743,"z":85.52303314208985},"rotation":{"x":0.33666130900382998,"y":-0.02541934885084629,"z":0.00909265037626028,"w":0.9412373900413513},"size":333.3856506347656,"orthographic":false}