{"cameraMode":{"drawMode":0,"name":"Shaded","section":"Shading Mode"},"sceneLighting":true,"audioPlay":false,"sceneViewState":{"m_AlwaysRefresh":false,"showFog":true,"showSkybox":true,"showFlares":true,"showImageEffects":true,"showParticleSystems":true,"showVisualEffectGraphs":true,"m_FxEnabled":true},"in2DMode":false,"pivot":{"x":-257.0986022949219,"y":26.892667770385743,"z":85.52303314208985},"rotation":{"x":0.015287617221474648,"y":-0.9557651877403259,"z":0.289380818605423,"w":0.05050850287079811},"size":1.6611183881759644,"orthographic":false}