{"cameraMode":{"drawMode":0,"name":"Shaded","section":"Shading Mode"},"sceneLighting":false,"audioPlay":false,"sceneViewState":{"m_AlwaysRefresh":false,"showFog":true,"showSkybox":false,"showFlares":true,"showImageEffects":true,"showParticleSystems":true,"showVisualEffectGraphs":true,"m_FxEnabled":true},"in2DMode":false,"pivot":{"x":3.5561020374298097,"y":0.04129314422607422,"z":-1.2835160493850709},"rotation":{"x":0.031464509665966037,"y":0.9639366269111633,"z":-0.22855781018733979,"w":0.13269604742527009},"size":0.17864248156547547,"orthographic":false}